{
  "openapi": "3.0.0",
  "info": {
    "version": "0.0.1",
    "title": "API Documentation",
    "description": "API Documentation for the Express API."
  },
  "servers": [
    {
      "url": "http://localhost:3000"
    }
  ],
  "tags": [
    {
      "name": "User",
      "description": "User routes",
      "path": "/user"
    },
    {
      "name": "Products",
      "description": "Products routes",
      "path": "/products"
    }
  ],
  "paths": {
    "/products/testAxios": {
      "get": {
        "tags": [
          "Products"
        ],
        "description": "Endpoint to test Axios.",
        "responses": {
          "200": {
            "description": "OK"
          }
        }
      }
    },
    "/user/create": {
      "post": {
        "tags": [
          "User"
        ],
        "description": "Endpoint to create a new user.",
        "parameters": [
          {
            "name": "newUser",
            "in": "body",
            "description": "User information.",
            "required": true,
            "schema": {
              "type": "object",
              "properties": {
                "name": {
                  "type": "string",
                  "example": "John Doe"
                },
                "email": {
                  "type": "string",
                  "example": "jonhdoe@email.com"
                },
                "password": {
                  "type": "string",
                  "example": "123456"
                }
              },
              "required": [
                "name",
                "email",
                "password"
              ]
            }
          }
        ],
        "responses": {
          "200": {
            "description": "OK"
          }
        },
        "requestBody": {
          "content": {
            "application/json": {
              "schema": {
                "type": "object",
                "properties": {
                  "name": {
                    "example": "any"
                  },
                  "email": {
                    "example": "any"
                  },
                  "password": {
                    "example": "any"
                  }
                }
              }
            }
          }
        }
      }
    }
  },
  "components": {
    "schemas": {
      "User": {
        "type": "object",
        "properties": {
          "type": {
            "type": "string",
            "example": "object"
          },
          "properties": {
            "type": "object",
            "properties": {
              "id": {
                "type": "object",
                "properties": {
                  "type": {
                    "type": "string",
                    "example": "number"
                  }
                }
              },
              "name": {
                "type": "object",
                "properties": {
                  "type": {
                    "type": "string",
                    "example": "string"
                  }
                }
              },
              "email": {
                "type": "object",
                "properties": {
                  "type": {
                    "type": "string",
                    "example": "string"
                  }
                }
              }
            }
          }
        }
      },
      "Product": {
        "type": "object",
        "properties": {
          "type": {
            "type": "string",
            "example": "object"
          },
          "properties": {
            "type": "object",
            "properties": {
              "id": {
                "type": "object",
                "properties": {
                  "type": {
                    "type": "string",
                    "example": "number"
                  }
                }
              },
              "name": {
                "type": "object",
                "properties": {
                  "type": {
                    "type": "string",
                    "example": "string"
                  }
                }
              },
              "price": {
                "type": "object",
                "properties": {
                  "type": {
                    "type": "string",
                    "example": "number"
                  }
                }
              }
            }
          }
        }
      }
    }
  }
}